Price,Close,High,Low,Open,Volume
Ticker,UPL.NS,UPL.NS,UPL.NS,UPL.NS,UPL.NS
Date,,,,,
2023-09-18,623.3060913085938,632.1596024053705,621.2287581471427,627.807080453506,2579565
2023-09-20,615.7881469726562,621.525598756586,613.8097111590895,618.3106405595399,2474148
2023-09-21,618.3106079101562,628.1533376383276,615.3924031638248,620.2395948019392,3925418
2023-09-22,608.171142578125,622.7126575380653,605.9948511594489,620.6847729527116,1850344
2023-09-25,610.2979125976562,618.0632479072414,606.4893879736393,608.1710702506688,2303387
2023-09-26,610.8914794921875,616.2827289233509,608.368986015828,610.29797292495,1906824
2023-09-27,608.4678344726562,611.8806479011023,602.4830789579661,610.9408789313763,2018781
2023-09-28,598.476806640625,612.2269590762529,596.0532108027827,608.467882898179,2158105
2023-09-29,609.60546875,614.7988621957403,602.6809441556795,607.3797287018256,2002347
2023-10-03,600.4552001953125,609.3087115157795,599.5154312167937,609.3087115157795,2407302
2023-10-04,596.5477905273438,600.2079085137593,591.354397004975,598.4767773396363,1922433
2023-10-05,597.7843627929688,602.8294102914734,595.3607668710755,599.6639009471885,1413612
2023-10-06,605.5496826171875,606.3904935716419,598.476751404312,601.0486934578697,1750968
2023-10-09,603.3734130859375,604.3626308923323,591.8490014906124,600.0100483933697,1866768
2023-10-10,615.0956420898438,618.7557601807143,602.5820726145867,603.4228836294736,3281868
2023-10-11,620.9815063476562,622.8115352223067,617.1730417697873,619.1514774730057,2053212
2023-10-12,613.9085693359375,622.6137346577053,613.0183095033015,622.3664301969065,1645852
2023-10-13,616.3321533203125,618.4095469774653,609.7538910153232,612.1774263830714,1171758
2023-10-16,624.14697265625,626.1748570372774,614.6999548980036,615.2934614173563,1917226
2023-10-17,618.1622314453125,628.0544095105147,617.271911268619,628.0544095105147,1462594
2023-10-18,613.8590698242188,621.4760586631909,611.6333298608408,618.2611009383116,1222311
2023-10-19,606.9345703125,611.0398483414278,600.7519590502973,607.7754416703974,1842555
2023-10-20,596.9435424804688,606.3905611704347,595.5091644773274,606.3905611704347,1174201
2023-10-23,580.3741455078125,601.4444743938956,578.7913606647455,596.4983849663141,2109981
2023-10-25,573.894775390625,586.358896487788,571.6195259722742,580.3741404084126,2986843
2023-10-26,555.0006103515625,574.6860678617962,553.9619437823826,573.894705731805,4015200
2023-10-27,552.6265869140625,560.639227505708,550.3018886946357,558.9080962341862,2425358
2023-10-30,532.8421630859375,557.1274466772053,526.1649432997832,553.9619378142831,7164172
2023-10-31,534.6722412109375,537.8377503666003,522.4554250676747,529.1820942877923,5210230
2023-11-01,526.3133544921875,534.7711551865382,523.8403098226659,525.8681943762602,3767073
2023-11-02,534.9194946289062,536.7000744912327,529.2314926055752,529.5776946648673,1797928
2023-11-03,544.3665771484375,545.9493619531951,538.1345166959384,539.0742857398465,1809034
2023-11-06,548.7191772460938,549.4610906657404,542.4871165964754,546.0977256791814,1069714
2023-11-07,546.0482177734375,550.0545377306019,544.5643910947053,547.9772045312017,1479349
2023-11-08,549.7083129882812,551.7856461020193,547.1363106249689,549.906168612699,1190583
2023-11-09,544.4655151367188,551.7856908169038,542.8827303901721,549.7083575348255,1794405
2023-11-10,541.2506103515625,544.4655685991224,539.1237676677332,544.0698572793638,1414936
2023-11-13,546.74072265625,550.4997384444284,544.1687199970262,549.0159116561686,1449034
2023-11-15,555.7425537109375,558.6607583265242,550.3513045697796,550.9943202972536,1766163
2023-11-16,554.8027954101562,557.5231444407218,550.0051130888937,555.6931156073491,2112355
2023-11-17,555.693115234375,559.6005377328868,552.6265641164398,554.3081861234634,1787739
2023-11-20,550.6975708007812,557.8693999740503,548.8180327976506,555.6931087012317,1079422
2023-11-21,556.9790649414062,557.9188339179216,550.499700488162,550.5985981164005,1333644
2023-11-22,559.7984008789062,563.4090097755817,557.0285426199493,558.8091830370117,2648583
2023-11-23,559.7984008789062,565.535852286481,558.9575294870566,561.92518301274,1264347
2023-11-24,552.9232788085938,562.2218895226775,552.0329586741218,559.4026430586174,868199
2023-11-28,557.4736938476562,558.7596649462297,550.1535181604344,552.9233159982228,1284890
2023-11-29,563.903564453125,565.7336535108279,557.0284890378773,558.9080269075052,1780095
2023-11-30,564.4971923828125,566.7229325537088,560.0951608582933,563.8541766270604,3931052
2023-12-01,568.9486694335938,569.7400316365884,562.9144043344952,564.4971891175502,1811072
2023-12-04,572.658203125,578.5440006773772,570.7786651720487,572.2624918579379,3025773
2023-12-05,575.1312866210938,577.6043312653587,570.6302970668783,572.2625306829198,1870544
2023-12-06,582.2041625976562,589.8706010543996,576.7140155201761,576.7140155201761,3437918
2023-12-07,580.2257080078125,587.5953929408166,579.1870413583301,587.5953929408166,1824646
2023-12-08,578.8902587890625,589.4749011444408,573.9936186869369,583.6384920728872,2175978
2023-12-11,595.9048461914062,597.1908172976878,577.2580538305973,578.6924317625158,4467164
2023-12-12,591.2554931640625,600.2079022093665,589.4254040015455,599.4659888568209,2339706
2023-12-13,592.8876953125,596.201611342197,586.4083304587654,594.5199289187607,2110586
2023-12-14,592.6898803710938,597.4875626421463,590.0684290000667,596.5477936387367,2026994
2023-12-15,604.263671875,606.1926586696569,594.9650607366759,594.9650607366759,4941179
2023-12-18,600.0100708007812,608.1216691915597,598.4767952190217,607.1819001649761,1685280
2023-12-19,592.294189453125,605.4013260046972,591.4038692346445,600.4552367399531,2396755
2023-12-20,565.9810180664062,598.4768003476812,562.8649576823647,598.4768003476812,5509320
2023-12-21,571.1743774414062,573.696870736432,559.6005171957481,565.9809840316807,3089260
2023-12-22,575.3786010742188,579.4343702103957,571.1744251059829,574.7355853047204,2464945
2023-12-26,579.7805786132812,588.5846419461603,578.6924630899223,581.5612191090586,3443852
2023-12-27,576.911865234375,585.9137235659671,574.8344715121924,583.73743220909,2155491
2023-12-28,583.094482421875,584.6277580367441,575.7247972544586,579.5827710776091,2270681
2023-12-29,580.9181518554688,585.6169363958068,578.7418606245312,585.6169363958068,2223633
2024-01-01,586.3093872070312,593.4317672610966,580.8686894455602,581.6600515899983,2825708
2024-01-02,588.04052734375,597.2896895294697,582.6987271268993,586.6061494728306,3406640
2024-01-03,580.5224609375,590.365190447741,578.9891853723117,588.9308125149913,2435233
2024-01-04,581.3138427734375,582.8471182311914,576.3677539567727,580.6708270764468,3606404
2024-01-05,574.9828491210938,584.5782739044197,570.284064547631,582.9460403754442,2433275
2024-01-08,554.852294921875,576.5161287792274,554.011423555406,574.7355487929751,5345743
2024-01-09,552.1319580078125,561.8262807022614,547.2847664720555,559.8972938512127,3590645
2024-01-10,552.5770263671875,555.6930865171738,545.9493155595087,554.9511731840402,2204496
2024-01-11,556.187744140625,560.0457179617914,554.5060616960892,555.8909908567815,1620693
2024-01-12,559.0069580078125,562.2219158772438,556.3361182333203,559.9961758137913,1441096
2024-01-15,561.62841796875,565.4863916221352,558.4134600499505,561.8757224240422,1659661
2024-01-16,558.4134521484375,563.0627879175573,554.4565809197506,561.8757144735386,1653823
2024-01-17,545.0590209960938,556.4350259715113,543.6740918917388,554.9511992355873,4724845
2024-01-18,538.3323364257812,546.0482231558316,533.3367986335544,544.0697875646872,3512857
2024-01-19,547.4331665039062,551.1921821497469,536.8979725553569,543.0805839389975,2415540
2024-01-23,529.3304443359375,552.4287172266619,527.7971687526804,552.4287172266619,2849229
2024-01-24,539.8656616210938,541.1021839793647,529.330466977798,534.0787611352131,1386191
2024-01-25,531.5067138671875,541.6956451701645,530.2207427977548,539.8656163840946,1723625
2024-01-29,533.8314208984375,536.8485231750681,528.6380273416415,536.3539142648971,2162690
2024-01-30,529.4788818359375,541.5968011306413,528.6380707703979,536.0572050324615,1912294
2024-01-31,531.9024658203125,536.8980040357893,528.3412452282886,533.0895393509871,3570913
2024-02-01,524.3348999023438,533.188411576287,520.8231886733118,530.5175113538313,3662000
2024-02-02,527.8961181640625,534.8206429613878,523.5435355692035,528.1434226211098,4224992
2024-02-05,468.8892517089844,519.3393610700776,464.9818292026632,518.350143239468,23096694
2024-02-06,476.65460205078125,480.7598498751778,463.250682773447,471.06552752923903,6661787
2024-02-07,472.64825439453125,479.7706346545056,472.10419667806764,478.78141685109426,3069307
2024-02-08,459.8379211425781,476.6051454969803,458.5519198313594,474.8245654519487,5214678
2024-02-09,453.0123291015625,462.85502865283866,448.41244192164635,462.85502865283866,5881661
2024-02-12,453.4574279785156,460.7776335719613,450.14354235103116,456.8207624199873,4404671
2024-02-13,473.93426513671875,474.7751063241521,447.2748327258469,457.06808313790094,7706461
2024-02-14,476.20947265625,477.1986905180987,467.1581352580412,474.0332114733029,3210526
2024-02-15,482.0953369140625,485.16191836105764,479.47391558576464,481.6501767953652,3568439
2024-02-16,485.6070251464844,488.871462088098,475.86322351463593,478.8308769950853,3374827
2024-02-19,492.1853332519531,494.6089290798578,486.25002610299487,488.37686864886484,3383768
2024-02-20,492.679931640625,500.00016778522416,489.9101337724482,492.2348017270962,3033673
2024-02-21,486.8435363769531,494.80675781515185,485.6564931248428,493.6196843745099,1697299
2024-02-22,486.991943359375,488.8714814556134,478.83089596482495,487.9811612253811,2881064
2024-02-23,483.4307861328125,491.24560128408353,482.63939372207426,488.6736287791183,1341328
2024-02-26,483.8758850097656,487.7833074289124,480.5125504984351,483.33182729048116,2253561
2024-02-27,479.3749694824219,486.2005665148114,476.30838815235336,484.61781193911156,2920314
2024-02-28,470.7687683105469,480.75987462334774,468.8892604351169,478.9792945705263,1572519
2024-02-29,464.6356201171875,469.87846246506916,461.7668643007857,466.91080901792134,5632071
2024-03-01,469.43328857421875,472.7471741971663,466.0699541373517,468.88923086697963,2877161
2024-03-04,469.13653564453125,474.97291455211285,464.9323600483494,470.9171155863253,1820722
2024-03-05,469.13653564453125,485.755382396379,468.3946223040286,468.88923119769703,6182475
2024-03-06,468.0978698730469,472.3514942907236,459.49166303254685,471.80743658213635,3213293
2024-03-07,477.0997314453125,480.7104005553967,469.7300769703546,469.87845360220695,5420581
2024-03-11,471.4117431640625,482.7382993534026,470.3730765216044,479.8695736941319,2888338
2024-03-12,468.9386901855469,473.78588159948526,467.2570380237084,473.53857714728565,3030937
2024-03-13,447.02752685546875,471.65904453770054,445.19746785061835,468.93869553248646,3446385
2024-03-14,457.1175842285156,459.1949477953301,442.97175056004255,446.97810105072773,2505609
2024-03-15,470.02685546875,472.3515234543471,454.4961533342609,457.21650242221784,6120565
2024-03-18,461.02496337890625,469.8784751438723,458.0078610349745,469.8784751438723,2951978
2024-03-19,456.0788879394531,466.366777961996,455.2875257170423,458.9970927380937,2538838
2024-03-20,450.5392761230469,459.68954111907414,444.40611345570204,456.02942304525016,3018788
2024-03-21,450.6381530761719,456.969171095881,447.37374643794107,452.07253095000345,3138092
2024-03-22,464.932373046875,469.2354765798025,450.0941058219747,450.6876425486771,7019704
2024-03-26,460.3819580078125,466.0205115423129,459.34329139339314,462.9539303251027,5072326
2024-03-27,450.5887145996094,462.16257510710875,448.56083015487025,459.9862838393378,27876181
2024-03-28,451.08331298828125,454.74343089276533,447.2253696385877,453.5069086532141,5435115
2024-04-01,461.17333984375,463.30015202719767,453.5069020698233,455.0401775491963,2840448
2024-04-02,470.1257629394531,471.80744528734783,456.0294091848246,458.0078447995093,5564890
2024-04-03,471.5601501464844,477.74276156444995,465.42698754444956,469.8784677653848,4788697
2024-04-04,487.63494873046875,491.39396446576507,467.9989684710301,474.82456556329583,9778795
2024-04-05,489.01983642578125,495.2024478143227,484.61780504172685,494.11430217223295,6753966
2024-04-08,483.7769775390625,495.152982815755,477.84167043817945,495.152982815755,4603981
2024-04-09,484.568359375,491.14665189745074,481.5512268846656,487.3876362242024,2166661
2024-04-10,498.862548828125,503.5118847906027,484.1232089259888,485.21135459683813,7937541
2024-04-12,496.6368103027344,505.58924997251637,495.103534708222,500.09907278321145,5337775
2024-04-15,484.66729736328125,494.16376456619207,481.25448370761876,489.66283542707356,4994330
2024-04-16,479.4244079589844,486.6951649362877,477.8416534174201,482.7877424919759,3104362
2024-04-18,473.2417907714844,487.53600009583687,471.0655297186748,483.0350409804566,2706609
2024-04-19,482.2931213378906,484.66726818421745,461.5195477522494,468.14731901927127,3209153
2024-04-22,488.080078125,489.2671516130505,482.3426267059995,486.6951791812964,1860795
2024-04-23,490.1574401855469,495.2024572120451,486.94248220249335,489.56390344327656,3014860
2024-04-24,493.07562255859375,498.4668414344073,490.2563458019045,490.5036502509381,1683615
2024-04-25,500.4453125,501.48400937268644,490.99829395269137,493.61971526055675,4660938
2024-04-26,502.96783447265625,508.3590839009361,497.08197611292076,503.5118922218441,2825380
2024-04-29,501.5828857421875,505.4408594078316,499.0603923656038,505.4408594078316,2501739
2024-04-30,501.68182373046875,508.16121872415937,500.84098252505447,501.43451926937826,3509055
2024-05-02,492.8283386230469,504.89677812510416,491.9380184186421,502.6215891747052,2405482
2024-05-03,488.2779541015625,498.5163652496034,484.7662124964917,495.44978376822166,2196892
2024-05-06,478.1878662109375,492.92720501498724,475.9126774047365,489.91010287782535,3652474
2024-05-07,468.9881896972656,481.2050362078589,465.3280715692467,479.770658246965,4535131
2024-05-08,472.69775390625,474.7751174212485,466.0699822604293,470.3730859296691,1861827
2024-05-09,461.420654296875,477.050283441527,459.34329088181835,472.6977311647849,2726979
2024-05-10,496.4884033203125,499.55498451045924,459.4422151563685,465.92157961272534,6834995
2024-05-13,528.3412475585938,534.1776572235299,497.03253776423327,497.03253776423327,27039443
2024-05-14,504.550537109375,526.0660246983743,496.2411134575368,526.0660246983743,15011896
2024-05-15,509.24932861328125,515.6792445310678,504.55054390412954,507.41929977212186,4234215
2024-05-16,504.5010681152344,514.1953902898795,500.39582036337544,510.5847816168604,2398088
2024-05-17,505.73760986328125,509.7439299540226,504.60001540936366,504.60001540936366,1911312
2024-05-21,506.57843017578125,508.4579682169033,503.01727011341507,503.01727011341507,2372489
2024-05-22,509.9912414550781,516.4211573661404,504.8473268393477,508.45796589016084,2807354
2024-05-23,505.3419494628906,512.1180978368261,501.7313103141396,509.99125528849703,1824121
2024-05-24,510.2385559082031,516.371718665079,507.8644692900057,510.9310204799105,4320492
2024-05-27,519.2899169921875,523.9392529138885,511.27721626489887,512.8105522179866,6701240
2024-05-28,511.92022705078125,523.2962320963542,510.5352979378856,521.8124053512795,2462629
2024-05-29,511.67291259765625,516.9652037342111,509.941781428887,513.4040437664255,2522672
2024-05-30,500.64312744140625,512.761015129175,499.5549818392976,511.12884200880865,1828288
2024-05-31,503.31402587890625,512.3159444663569,501.3850692003378,502.5226636808063,8552013
2024-06-03,522.4554443359375,525.5219955946984,508.4579872671529,511.4256408893347,5297460
2024-06-04,490.60260009765625,524.0381510329333,472.84612778431745,524.0381510329333,4202540
2024-06-05,522.752197265625,526.2144598224719,490.7509930239191,499.6044748775931,3690376
2024-06-06,531.6056518554688,539.6182916131066,522.0102274452314,524.0875606040083,6939999
2024-06-07,533.9302978515625,537.0463580157868,528.4401512366994,536.0571402337551,2223919
2024-06-10,545.5535888671875,549.6093574894469,526.3627403754325,536.7990359346486,6964090
2024-06-11,548.3234252929688,551.2910787515744,537.4420292780811,544.2676563836999,4059315
2024-06-12,544.1192626953125,552.5770631811024,542.5859871134315,549.4116143838252,2173771
2024-06-13,551.686767578125,555.791985135887,541.3494297092693,545.7514609024638,3845237
2024-06-14,545.7515258789062,553.7641666941985,543.7730900848027,551.6868332612172,2022269
2024-06-18,550.1535034179688,551.5878209257895,544.1686874285251,548.0266609979278,1587670
2024-06-19,551.2911376953125,562.3209417132565,544.7623235391485,553.9620381690416,6124293
2024-06-20,562.8649291992188,571.4711361499094,548.6201687031057,551.2910688432598,7472902
2024-06-21,559.8478393554688,568.1572328476725,555.1985035090225,568.1572328476725,5890175
2024-06-24,565.9315185546875,572.4603927146044,545.1579433111709,555.9404422312516,5572012
2024-06-25,564.9422607421875,570.5808142707434,560.8864919179447,566.8217987107271,1985056
2024-06-26,564.2003784179688,569.7894834393373,558.5618849564199,564.744496538878,2354064
2024-06-27,561.727294921875,568.4045149689662,553.2200461238133,564.0519929422848,1627135
2024-06-28,564.6949462890625,569.789442013445,560.3918730913482,561.8756997632582,1535016
2024-07-01,567.2669677734375,568.5034900415037,561.1832540637265,563.903603053472,1451065
2024-07-02,560.540283203125,574.043069770612,555.8414987144663,567.9099074152662,2781201
2024-07-03,565.9810180664062,569.789482645065,561.0843776245121,561.3811309046431,1898741
2024-07-04,564.29931640625,573.6968856781283,562.5187364090964,568.8002454031578,2148117
2024-07-05,566.5250854492188,567.7121589670079,561.5789961059867,564.6455473479637,1072378
2024-07-08,561.2822265625,568.6024023522043,556.08883290254,566.5250690390465,2695359
2024-07-09,557.8694458007812,566.129391100449,556.9296767220177,561.8757662133322,1427039
2024-07-10,553.7640991210938,563.8046837017943,541.4483257302179,559.946710223234,2033444
2024-07-11,551.686767578125,560.2929743332461,549.1147651257681,554.8027673566102,3781459
2024-07-12,557.5726318359375,564.7939096320788,552.0824247963254,554.4071228305288,3741532
2024-07-15,558.95751953125,561.3811152761369,554.7533437780806,559.8972885397243,1699472
2024-07-16,551.2911376953125,565.832653272664,549.5105575051832,559.8973457208527,1674706
2024-07-18,552.6265869140625,554.951224756422,548.9664687217172,551.2911065640768,1258371
2024-07-19,536.7495727539062,554.2092916805681,535.4141528283935,552.6265672964741,1483516
2024-07-22,539.56884765625,552.1813742923407,527.1046674602293,534.1775987050186,2445572
2024-07-23,534.5733032226562,547.3836249505788,516.6684254879073,542.0913340698814,2813862
2024-07-24,531.2593994140625,537.5904173895455,529.2315150300141,530.5174860752354,1398404
2024-07-25,523.7413940429688,529.0336853015798,519.7350738925463,526.2638874430818,1833988
2024-07-26,538.2828979492188,539.1237089407779,523.3951215382856,523.4446307306653,1488053
2024-07-29,547.1858520507812,560.391885574121,539.6183117046479,542.1408050276713,4404641
2024-07-30,558.8091430664062,562.6670561476059,546.5428185534765,547.6309339509033,2046419
2024-07-31,565.8820190429688,567.5142525309935,559.0069433957135,563.7552370419451,2390519
2024-08-01,554.4071655273438,570.7787091475847,551.0932494473004,568.8002734139709,1900787
2024-08-02,531.8035278320312,557.8694561615998,525.7198738709694,549.0159437323044,6452127
2024-08-05,522.603759765625,545.5536251567903,514.3932639737642,514.3932639737642,8199938
2024-08-06,527.797119140625,543.9708656009201,525.4724815758503,527.2530614528118,3839963
2024-08-07,540.8053588867188,543.0805476484495,529.7755567645281,533.1883700956545,2623663
2024-08-08,541.8934936523438,549.8072359776852,538.18392693734,540.8548270475552,2763841
2024-08-09,548.6201782226562,555.9404142334959,544.7128161395704,552.478151867273,2061454
2024-08-12,559.9755249023438,563.7906485458279,541.6928819395993,547.4898086621754,3191587
2024-08-13,547.0438842773438,560.9664638738808,545.805219535985,560.8673948872428,1666599
2024-08-14,537.92724609375,548.8770897018276,535.4995118278907,547.4897611370474,1066850
2024-08-16,548.33203125,549.3725579189093,534.7067203936944,537.9272484142757,1635134
2024-08-19,555.5162963867188,558.4395570483567,546.6475059044405,547.9852395297919,2412431
2024-08-20,561.0160522460938,561.858320067634,555.0208665831352,555.5163324738475,1194020
2024-08-21,563.146484375,567.6056771149631,557.894558355378,560.8673535153533,2235790
2024-08-22,573.8981323242188,582.5687849118922,563.0969523366193,564.831082854154,6309020
2024-08-23,568.49755859375,579.496876855536,566.8129625179039,579.3978078729405,1995012
2024-08-26,572.2135620117188,573.6504251728686,566.9120407594313,573.6504251728686,1283196
2024-08-27,577.6636962890625,582.4201567617728,573.0063048022035,579.0509644993616,2705825
2024-08-28,572.80810546875,580.5869562597641,570.3307760095116,579.6950934617678,1369570
2024-08-29,572.5603637695312,576.623220309575,565.8220398397536,571.7180959589373,1530143
2024-08-30,592.9240112304688,598.5228000260319,576.7223006873353,578.7041642635805,7616878
2024-09-02,594.0635986328125,601.6937853904865,587.6225421005134,596.5409280683122,3640344
2024-09-03,596.7391357421875,600.4551299528682,590.5953465508601,594.5590737089195,2147598
2024-09-04,602.3378295898438,605.3602197602224,587.6720520407375,594.5095051897272,3139837
2024-09-05,613.0894775390625,617.3009374196696,601.2973656806934,606.4502228074178,3431993
2024-09-06,604.2701416015625,618.044116493478,601.7432778501932,611.3553274848509,3569845
2024-09-09,598.919189453125,605.2611165288894,595.649066207825,600.5046561016471,2334227
2024-09-10,613.5849609375,614.3776942531044,599.7614507204702,604.3693076200385,1638324
2024-09-11,605.4592895507812,613.4858124045298,603.47742608253,613.1885449806268,1421907
2024-09-12,609.2743530273438,610.8598800922313,603.1801591465452,608.432085245325,1707391
2024-09-13,605.855712890625,611.3553721588198,604.716117153953,610.4139748739615,1237013
2024-09-16,608.23388671875,609.9184827642304,601.1982955943989,609.3239479160247,1186044
2024-09-17,605.1124877929688,610.2157499360316,603.7746936625493,609.4230166448607,1165443
2024-09-18,599.61279296875,609.1753087919074,593.5185988403983,605.3602456501346,1728906
2024-09-19,589.4061889648438,607.1934258578298,577.2672751064049,599.612773827033,2721915
2024-09-20,581.7760009765625,597.2345724259142,580.2896033649906,589.5548514327928,5717560
2024-09-23,587.42431640625,588.3657136444156,578.7536637841217,584.0551848192267,2106715
2024-09-24,598.2750244140625,601.2478195664305,581.6769181466744,588.4152417290409,2301515
2024-09-25,594.1130981445312,600.9505511765996,591.6853033443521,594.6580984919171,2193166
2024-09-26,595.6490478515625,598.6714380597846,588.2170597625062,596.5409106149189,1948570
2024-09-27,605.1124877929688,610.9094142464335,594.5590406291324,595.6490413442832,1893789
2024-09-30,607.58984375,612.2967696945442,602.1397189721066,605.1125143055029,1686660
2024-10-01,615.5668334960938,619.3323621617017,605.2611187970526,606.4502490287383,2317620
2024-10-03,599.9596557617188,618.044160670288,595.5499972630201,613.1885707761388,2181886
2024-10-04,593.8653564453125,607.3915983596454,591.189828755682,603.3783370660352,1780533
2024-10-07,575.0376586914062,600.0091498569308,570.7766644386328,596.9372857514054,3393703
2024-10-08,571.5693969726562,580.2400494160572,568.1506704843524,572.4612597023604,3035568
2024-10-09,572.3621826171875,579.3483001819086,569.9839825898093,573.7990458213385,881946
2024-10-10,579.1005249023438,588.2666433684021,574.7404011150091,574.7404011150091,1378203
2024-10-11,577.7627563476562,583.9560799095719,573.5017618333933,580.3392152384184,568562
2024-10-14,573.4027099609375,581.5778973066356,568.002119557444,579.6951026949555,1308354
2024-10-15,568.8939208984375,575.5827105332833,563.9888568848922,574.6413737107578,1611364
2024-10-16,563.6915283203125,571.1731117702108,558.9350677928238,567.8039194689978,1303677
2024-10-17,548.6788940429688,565.3265344962164,546.1024353355784,562.8492052477667,1577470
2024-10-18,550.21484375,552.6921730780053,537.6795331576234,548.9761790859973,1402020
2024-10-21,540.5037231445312,558.2413647870753,538.1254628046155,551.9985069968875,2757430
2024-10-22,525.5406494140625,542.5351537657893,523.2119839056379,540.0578242965391,2074618
2024-10-23,526.927978515625,533.8645010348716,516.374530775815,524.3019850835253,1624355
2024-10-24,530.1484985351562,535.945425214319,521.5273800140438,531.1394303081191,1554879
2024-10-25,517.2168579101562,531.9817052357225,512.7576648721982,531.0403684241614,1390234
2024-10-28,526.9774780273438,536.3417949030479,515.3340302857996,515.3340302857996,1080853
2024-10-29,529.8016967773438,533.319492476156,519.7437150858716,526.9775049344876,1053752
2024-10-30,541.2964477539062,547.3907019762071,522.8651421008585,528.1666025681136,1751552
2024-10-31,548.62939453125,550.9085254887915,537.0850153048142,541.296475295673,1171233
2024-11-01,553.3363037109375,556.9036337558501,548.6293779807946,548.6293779807946,163230
2024-11-04,547.638427734375,554.8226825532972,534.9049191111446,550.0661620119843,1334874
2024-11-05,553.9804077148438,556.7550046435889,544.0710897681274,546.9943506587441,894138
2024-11-06,562.1060180664062,563.8401485760867,549.2734401984368,554.0299003572256,1491608
2024-11-07,562.0069580078125,570.231679316513,559.5791631593892,564.732020280565,886267
2024-11-08,552.5435180664062,567.7543566754911,550.016654207288,564.7815614337816,696687
2024-11-11,510.478515625,548.1834566471747,505.3751929156332,548.1339221559688,9914435
2024-11-12,522.9642333984375,547.7870617504794,519.2482393193392,525.1938298458965,9415040
2024-11-13,510.72625732421875,525.6893028255463,499.72687841247364,523.2119734060103,3436328
2024-11-14,521.0319213867188,527.9684438941006,504.8302108657188,515.1854601337884,3741207
2024-11-18,510.3473815917969,515.0050752362271,489.1977872566947,502.36283303754294,3165283
2024-11-19,519.7578125,528.075071168539,505.5471890598925,506.73535158920487,2999770
2024-11-21,528.2651977539062,537.675541261439,510.29990304057634,517.0962891212047,10436903
2024-11-22,538.3884887695312,541.762882205987,518.8547836903319,528.2651874968202,3602576
2024-11-25,540.43212890625,549.7949945504968,538.5786075049156,541.8104457898568,6122956
2024-11-26,546.74658203125,553.6831041412976,536.1931349140084,540.0577928537041,2645846
2024-11-27,543.2288208007812,549.2734805429831,534.112236212507,547.9852813089358,1703921
2024-11-28,541.9406127929688,552.0976635027018,540.0578182248357,543.2288120061608,1748362
2024-11-29,540.0578002929688,542.9315265422431,533.3690110232851,541.544197908454,1465623
2024-12-02,550.0166625976562,552.9399233929323,535.6481520435389,541.9406050234849,1687736
2024-12-03,557.99365234375,561.7592414338288,548.5798005819031,550.958061009145,2073190
2024-12-04,562.7996826171875,567.5066082884157,558.3900243657024,560.6691552259626,2218877
2024-12-05,553.1381225585938,564.5833723322678,546.9943335277084,563.7411045258463,2006983
2024-12-06,557.5477905273438,561.1151207447059,550.9580699939188,552.7912695952929,2970258
2024-12-09,550.363525390625,557.1513837748473,547.0438676954026,554.7235888590399,2922928
2024-12-10,544.9629516601562,552.5435435876484,543.6251574505917,549.8184811568811,2949316
2024-12-11,546.9943237304688,561.5610324913649,546.0529264755398,546.9943237304688,5334736
2024-12-12,542.485595703125,549.8184543245056,538.0264028522153,548.9266520433281,1581082
2024-12-13,545.2601928710938,546.2511246164297,530.8421480727908,542.485596080488,2242153
2024-12-16,542.9810791015625,546.4988748122692,537.7786872742471,544.8142786956604,1210467
2024-12-17,533.5177001953125,546.9943483533772,531.7835695619458,539.1659630157941,1637281
2024-12-18,527.4234008789062,538.9181844836925,526.4820036612286,533.9139914613072,1208566
2024-12-19,513.6494750976562,520.7841961645529,512.6585432961895,519.2482639686148,1187222
2024-12-20,499.9250793457031,517.8609202395685,496.9522840274928,515.2845218231231,2851827
2024-12-23,503.0960693359375,505.52383401640446,491.5021555856664,500.965541847886,1178165
2024-12-24,499.9250793457031,507.8525335275973,497.15048247837524,502.402408777545,949150
2024-12-26,495.1190490722656,502.45193806641015,491.35352047119716,498.537775749138,1427526
2024-12-27,497.4972839355469,514.9377194082214,492.8894572448473,493.4840223560945,1670587
2024-12-30,496.2090759277344,503.74016330800526,492.4930818493939,497.44774062051454,2019209
2024-12-31,496.4568176269531,500.8664761073999,488.52936345326924,492.5426250323616,1217836
2025-01-01,495.9613342285156,497.2990981212554,492.6912715936733,493.9299362645737,588602
2025-01-02,504.8302001953125,507.25796487707845,495.3172491952357,495.4658829119418,1552787
2025-01-03,524.7479248046875,528.4143845764715,503.8888224231332,503.8888224231332,2888197
2025-01-06,516.5726928710938,530.5944008836152,511.41983583742837,520.239152326683,2241869
2025-01-07,539.5128173828125,543.6747429371386,515.2845233703154,516.2754551460275,4787940
2025-01-08,534.6572265625,538.472350181385,526.8289018369474,536.2427536898969,1559514
2025-01-09,540.5037231445312,549.6203071386445,534.8058657084196,537.0354620964632,2805890
2025-01-10,543.8728637695312,550.7103169991675,529.653017428799,540.9496635086309,1992839
2025-01-13,528.8107299804688,544.0215075002385,526.1352022734775,541.296445304199,1770971
2025-01-14,536.9363403320312,538.0264015374831,526.4820225478906,530.0989475996819,1831287
2025-01-15,541.9406127929688,546.994340660751,538.2246186308712,539.95874923985,901487
2025-01-16,541.3460083007812,547.9357286963449,540.3055420492909,541.990138137343,813698
2025-01-17,546.6970825195312,552.5931387866442,538.5714297172502,540.0578274073622,1461267
2025-01-20,547.8366088867188,549.9671364005806,540.4046205569812,546.6970736318311,812869
2025-01-21,539.3145751953125,554.8226804202393,538.5713764237985,551.9489543110502,1708101
2025-01-22,537.7786865234375,543.0306128359168,526.7793075291789,543.0306128359168,1191929
2025-01-23,552.791259765625,554.6740543078885,537.1345500074452,537.580481397105,1477011
2025-01-24,546.9943237304688,555.3677090795617,545.0124602386917,554.8722432066173,1591661
2025-01-27,537.4318237304688,545.4088729008766,531.3376296060377,543.9720097314548,2486727
2025-01-28,533.765380859375,541.5441704601415,531.2384566557889,541.0487046134259,2048155
2025-01-29,548.0843505859375,550.9085424853558,534.4095039371186,537.0850318748973,2181049
2025-01-30,561.8087768554688,573.0558282074078,549.5707332558096,550.9580619209424,2784958
2025-01-31,598.2750244140625,612.1976029479849,562.6014825856464,567.8038741022904,8663742
2025-02-01,598.5227661132812,612.1976119182103,591.635778479716,604.2701580624054,5961908
2025-02-03,624.5347290039062,631.0253198032091,602.0405664142932,604.4683612731183,12713558
2025-02-04,631.1244506835938,635.7322469949708,619.3323387609164,631.7189855361347,3541038
2025-02-05,639.596923828125,643.5606509129916,626.2688794089258,630.2326064937924,3372838
2025-02-06,638.9032592773438,640.9841918035296,620.7692199665049,638.1600604491808,3885141
2025-02-07,635.5340576171875,642.8174423139297,629.3407341412202,636.2277219428307,2340663
2025-02-10,629.192138671875,637.1691273140754,626.0706794076041,635.4349967187416,1932363
2025-02-11,605.1620483398438,631.0253435281388,602.6847188972225,629.2416784257867,2525324
2025-02-12,614.8731689453125,618.6386976096416,589.059408195515,605.1620496062503,2315031
2025-02-13,624.0392456054688,633.106294962552,609.4230028540902,614.8731272698585,3181044
2025-02-14,612.7426147460938,628.151651625809,604.7160918773836,625.2779253988186,3746024
2025-02-17,626.467041015625,628.0029730743443,604.3692759134459,612.5939970344955,1481549
2025-02-18,625.0797119140625,628.5975073957828,619.530518518814,627.2597737770786,1409475
2025-02-19,644.1551513671875,645.7902128950072,615.3685970476843,624.1383185617335,2762726
2025-02-20,641.3805541992188,648.0198088032932,638.4077590464993,644.1551509120891,2142244
2025-02-21,640.4887084960938,652.2808204415231,631.6199177732648,642.1237700662468,1366273
2025-02-24,639.3491821289062,643.065176220075,632.5117288084857,637.912318983986,1293274
2025-02-25,641.6282958984375,651.3394147670522,639.1509665706443,642.2228307444386,1581083
2025-02-27,637.813232421875,642.4705631691044,628.4489154738881,642.1237612561569,2717730
2025-02-28,627.2102661132812,635.1872546407499,613.8822219187902,629.2416641136913,4676015
2025-03-03,611.1076049804688,628.3993756236301,605.7070149998817,622.404190320911,3273667
2025-03-04,607.8375854492188,613.9813141747195,601.4955977872916,601.4955977872916,1557537
2025-03-05,622.156494140625,624.4852201136049,608.5807771342861,609.4230449549681,2367281
2025-03-06,619.0350952148438,633.4531405210606,617.0532316543555,629.1426114696691,1617185
2025-03-07,624.1383666992188,636.8718765501218,614.7741096246439,618.8864402836433,2073888
2025-03-10,609.8689575195312,631.2235246316941,606.3015669311953,625.7238655165597,1428305
2025-03-11,609.4725341796875,613.2380625692468,596.8876894068139,607.8870676414535,1564110
2025-03-12,602.5360107421875,614.5263206539946,594.5094881295078,612.3462588080595,1815285
2025-03-13,595.9959106445312,608.8284888497681,594.9554444077119,605.360227739254,1476114
2025-03-17,620.471923828125,622.2060543469496,595.995898123237,595.995898123237,2377362
2025-03-18,620.471923828125,620.471923828125,620.471923828125,620.471923828125,0
2025-03-19,640.4391479492188,642.1237439416964,631.1244262242525,635.1872220164003,1533871
2025-03-20,640.9841918945312,645.5425143302492,638.2591295242139,643.065184902688,1272076
2025-03-21,652.8753662109375,665.2124787254631,639.7951153577138,643.1147125627097,5231169
2025-03-24,652.47900390625,662.7351230277774,651.4385376953471,661.8928552574448,1878198
2025-03-25,647.0784301757812,657.8796104004815,642.2228404274282,657.8796104004815,988124
2025-03-26,646.48388671875,650.8934845446945,638.160035969951,646.0874898329317,1570129
2025-03-27,650.4476318359375,657.7309560835143,644.0561098838757,644.1056443755696,3398420
2025-03-28,630.4803466796875,654.4113734221646,618.3414323428291,650.695379237412,4421109
2025-04-01,628.9939575195312,635.9800145850905,615.665912766815,615.665912766815,1451347
2025-04-02,648.5153198242188,650.1503209830714,625.1292933719031,626.1698201331542,1932828
2025-04-03,645.3442993164062,647.7720941894399,630.282124687082,636.970913969824,2635192
2025-04-04,631.9171752929688,649.456678981871,625.4265845683249,643.6101575916794,2529542
2025-04-07,608.8780517578125,618.4405072626599,583.5101615908118,589.6044163049538,2010970
2025-04-08,608.9275512695312,622.4041986753414,604.5674274420597,613.3867440778516,1696619
2025-04-09,608.6798095703125,610.2157416413919,595.7481627087428,608.4320766400845,1911793
2025-04-11,633.0567016601562,639.6959562441074,614.4767320119752,616.3595264623264,2007695
2025-04-15,652.0330810546875,655.8977390104469,633.0567141535117,643.1146954475565,2242497
2025-04-16,653.6681518554688,659.3660094072933,648.6143636509329,654.0149537746493,2228299
2025-04-17,650.2494506835938,658.9201038192818,644.8488603484585,653.6681774448575,1595004
2025-04-21,665.0638427734375,666.7979732696251,647.772072300832,650.2989360703709,3468794
2025-04-22,666.5997924804688,674.9731777658119,660.0596067183931,667.342991284227,3727936
2025-04-23,673.7344970703125,675.8154294786777,656.0463296725198,665.9061123308965,2856974
2025-04-24,677.9955444335938,680.770141355885,669.3248912503856,673.3876874064182,2692652
2025-04-25,655.84814453125,685.9229589735681,650.596218432772,677.5495737175793,3157081
2025-04-28,672.1489868164062,673.2390480188765,655.3526817352994,655.9968115586533,1423133
2025-04-29,663.5278930664062,680.6710611778252,660.6542272047974,673.833607730245,1676069
2025-04-30,663.8251953125,672.0003821489511,657.929139376543,662.0414697992082,1402279
2025-05-02,673.6849365234375,686.5175149818724,664.4692832014305,664.9152145922014,2331658
2025-05-05,680.274658203125,682.7024531291726,675.8154652505918,680.7701240867399,1475543
2025-05-06,672.8922119140625,685.1797901568455,668.8294158159698,681.7115289330233,1859488
2025-05-07,681.7610473632812,682.7519791181697,668.185270224974,668.9780035325499,1328953
2025-05-08,650.5466918945312,683.1483705629512,640.0923740601924,675.9145204246339,2451225
2025-05-09,668.6312255859375,675.8154810664829,632.2144822880002,632.2144822880002,3184067
2025-05-12,670.712158203125,693.1072529572931,655.9968453069613,679.7792082788148,8755697
2025-05-13,637.0204467773438,671.8517217355044,632.2639865074094,670.7617210109039,8899680
2025-05-14,631.1244506835938,640.2905692972553,628.2507244390736,639.4482410275363,4545306
2025-05-15,638.80419921875,641.8265290658406,629.984882141984,632.164944164725,2336733
2025-05-16,638.3582153320312,642.6192095596857,632.9576254529671,640.1418803015528,1281048
2025-05-19,639.6464233398438,648.8620762118449,637.9122928350495,639.2500264603648,1713111
2025-05-20,622.998779296875,642.0742147487764,621.0169158733008,641.6282833821379,3503829
2025-05-21,632.61083984375,635.2367726360047,617.9450018725157,622.9987899782809,2454859
2025-05-22,626.2193603515625,633.1063484276017,622.1069692069822,633.1063484276017,1078155
2025-05-23,624.782470703125,629.1425946120418,622.5528742573168,626.8634031932095,1018062
2025-05-26,626.3184204101562,630.4308114961135,624.1879533689049,626.2688859174158,771488
2025-05-27,624.6337890625,630.1335085251225,621.3141919742857,626.7643164652882,1156383
2025-05-28,625.0302124023438,632.8090025851923,623.8410821849103,625.7238767359862,937885
2025-05-29,625.2779541015625,629.2416812274045,620.3232951942601,626.268885883023,1382432
2025-05-30,622.2060546875,628.2011795309547,612.3958064115393,625.2779188441444,5123450
2025-06-02,630.5794067382812,631.7190024648095,615.1208953412244,622.206081679186,1624690
2025-06-03,629.5884399414062,632.5612350817262,626.5661103117488,632.214433174691,1764731
2025-06-04,636.7232055664062,640.4887342484049,627.8048195124577,629.7371485871485,1302307
2025-06-05,641.0337524414062,643.6101507150331,636.1781628314877,640.9346229806223,1701494
2025-06-06,637.0204467773438,643.907434487339,635.1872472455137,643.1147011892955,580732
2025-06-09,633.304443359375,645.6415554729572,630.8271140386425,644.1056233904377,1514278
2025-06-10,633.7999267578125,638.1105161841446,632.2144601413504,638.1105161841446,956125
2025-06-11,630.0839233398438,635.5836428878869,625.7733944590424,635.1872459988062,976204
2025-06-12,626.665283203125,636.1782041187727,625.2779545154915,630.0839494660859,1097714
2025-06-13,626.7643432617188,632.1649334936686,617.4000259577581,622.106951855771,1518780
2025-06-16,637.9122924804688,639.4482245446699,624.2869813789442,626.2193103224039,1187428
2025-06-17,640.240966796875,647.4252218420293,636.6736367602261,639.1509660861415,2269496
2025-06-18,632.4622192382812,643.9074693937315,631.2235544924171,640.2410096496379,1066778
2025-06-19,625.2283935546875,634.1963137068639,623.2960645650272,633.2053819666969,1272286
2025-06-20,627.7552490234375,631.6199069512154,620.670062983069,622.7015214086567,4218765
2025-06-23,633.0567016601562,635.6331604070406,623.0978500250657,625.2779118934533,834251
2025-06-24,638.60595703125,640.1418890960593,632.7099012195571,635.1872305117245,1131402
2025-06-25,644.79931640625,648.366646594271,637.9618629839218,642.1237885243966,1565175
2025-06-26,630.7280883789062,644.7993319834592,623.3456343997384,644.7993319834592,3968851
2025-06-27,639.0518798828125,641.5787436308104,631.7684955719109,632.214426934892,3212791
2025-06-30,655.2536010742188,658.4741291702356,637.8627614520617,640.637358176911,2075636
2025-07-01,664.9647216796875,668.8293795981989,653.1726704462492,658.9695968423435,3182249
2025-07-02,666.55029296875,669.8698902737376,659.1678390343387,664.9647658151907,1348689
2025-07-03,677.9459838867188,681.5133140094748,664.0233443536756,666.5502687124418,3054421
2025-07-04,675.1217651367188,690.6298706646251,672.5453668711373,677.7972928627746,2791223
2025-07-07,674.081298828125,683.247417187787,670.2166409486797,674.874032103437,960264
2025-07-08,667.1943359375,677.6982487884511,662.5369446108681,674.3290566419495,820969
2025-07-09,658.7218627929688,668.6807145117066,657.6813965802659,662.5369257334369,630384
2025-07-10,655.6500244140625,662.091080866022,649.5557698860769,659.9605533853962,2206322
2025-07-11,652.7999877929688,658.5,645.7000122070312,657.7000122070312,2145893
2025-07-14,659.5,661.7999877929688,646.75,654.0,1745640
2025-07-15,673.7999877929688,675.7999877929688,661.9500122070312,662.0,1726609
2025-07-16,671.4500122070312,677.0,668.4000244140625,673.0,1928069
2025-07-17,692.6500244140625,697.4500122070312,670.5499877929688,673.0,5685069
2025-07-18,686.8499755859375,697.9000244140625,684.3499755859375,694.0,1515065
2025-07-21,713.75,717.5499877929688,682.4500122070312,688.0,8073738
2025-07-22,722.8499755859375,730.9500122070312,711.4000244140625,715.0,4108448
2025-07-23,727.3499755859375,729.7999877929688,718.5,726.5999755859375,2827536
2025-07-24,726.5499877929688,730.5,718.7000122070312,726.0,2189801
2025-07-25,722.2000122070312,729.0,718.4500122070312,726.5499877929688,1507020
2025-07-28,729.8499755859375,735.8499755859375,720.1500244140625,725.0,4881892
2025-07-29,726.0499877929688,734.5499877929688,721.0499877929688,727.0,3504831
2025-07-30,721.9000244140625,728.5,716.9000244140625,727.0,1589570
2025-07-31,703.7999877929688,723.6500244140625,701.2999877929688,715.0,2497511
2025-08-01,665.1500244140625,713.9000244140625,658.0,703.9500122070312,6828070
2025-08-04,711.7000122070312,719.4500122070312,672.0499877929688,673.5,12572025
2025-08-05,720.4500122070312,723.7999877929688,702.0,708.2999877929688,3136768
2025-08-06,705.2999877929688,721.8499755859375,704.2000122070312,720.0,1691312
2025-08-07,705.4500122070312,710.7999877929688,688.2000122070312,700.0,1933447
2025-08-08,688.75,704.9500122070312,685.9000244140625,704.0499877929688,1164817
2025-08-11,693.7000122070312,696.5999755859375,678.1500244140625,688.9500122070312,1129449
2025-08-12,688.6500244140625,696.0,686.0499877929688,693.7000122070312,1449415
2025-08-13,686.1500244140625,693.1500244140625,680.9000244140625,686.0999755859375,1062727
2025-08-14,683.75,693.9000244140625,681.0,684.2000122070312,1066750
2025-08-18,690.9500122070312,700.7000122070312,686.4500122070312,690.1500244140625,1319724
2025-08-19,707.2999877929688,709.4500122070312,693.0,697.5,2030825
2025-08-20,713.4500122070312,730.2999877929688,702.0,708.5,3114706
2025-08-21,712.4500122070312,718.5499877929688,710.2000122070312,717.0499877929688,2041917
2025-08-22,716.4500122070312,722.9000244140625,707.9500122070312,712.9000244140625,1635644
2025-08-25,722.7999877929688,741.0,713.5,717.2000122070312,4678348
2025-08-26,723.0999755859375,729.7999877929688,712.4000244140625,725.25,3299511
2025-08-27,723.0999755859375,723.0999755859375,723.0999755859375,723.0999755859375,0
2025-08-28,716.7000122070312,736.5,713.4500122070312,736.5,3935173
2025-08-29,715.75,722.2000122070312,702.5999755859375,713.0499877929688,2472182
2025-09-01,727.9500122070312,730.6500244140625,711.7999877929688,715.7000122070312,1785815
2025-09-02,710.6500244140625,732.0,709.6500244140625,731.5499877929688,3003994
2025-09-03,715.5999755859375,730.0,712.7999877929688,718.0,2196910
2025-09-04,695.4000244140625,723.1500244140625,692.0,720.0,2075117
2025-09-05,688.8499755859375,700.9000244140625,684.2000122070312,697.5,1054221
2025-09-08,705.7999877929688,708.0,691.0,691.0,1677209
2025-09-09,704.0,715.9500122070312,698.0,709.9500122070312,2826300
2025-09-10,696.9500122070312,708.25,690.6500244140625,705.4000244140625,1965357
2025-09-11,701.6500244140625,703.7999877929688,693.0499877929688,696.9500122070312,1913878
2025-09-12,693.0999755859375,705.9000244140625,688.0,704.2999877929688,1539148
2025-09-15,693.5999755859375,699.4000244140625,687.9000244140625,695.5,1791929
2025-09-16,702.7000122070312,705.0,686.3499755859375,692.9000244140625,3099583
2025-09-17,704.6500244140625,710.0,698.1500244140625,706.0,2209645
2025-09-18,698.9500122070312,713.4000244140625,693.2999877929688,704.5999755859375,3106450
2025-09-19,691.0999755859375,704.8499755859375,688.7000122070312,697.0999755859375,7803326
2025-09-22,682.7999877929688,693.7000122070312,679.3499755859375,693.7000122070312,2102153
2025-09-23,677.2000122070312,684.8499755859375,670.0,680.0,2559504
2025-09-24,676.1500244140625,680.0,669.5999755859375,675.75,2138799
2025-09-25,671.0999755859375,678.5499877929688,668.0,676.0,782031
